{"cameraMode":{"drawMode":0,"name":"Shaded","section":"Shading Mode"},"sceneLighting":true,"audioPlay":false,"sceneViewState":{"m_AlwaysRefresh":false,"showFog":true,"showSkybox":true,"showFlares":true,"showImageEffects":true,"showParticleSystems":true,"showVisualEffectGraphs":true,"m_FxEnabled":true},"in2DMode":false,"pivot":{"x":-3.2626688480377199,"y":2.948542594909668,"z":-5.036970138549805},"rotation":{"x":0.00020844829850830138,"y":-0.995117723941803,"z":-0.0035940224770456554,"w":-0.1012820303440094},"size":0.1346835345029831,"orthographic":false}